Title,Media URL,Pinterest board,Thumbnail,Description,Link,Publish date,Keywords
75 People Who Came Back To Life Reveal What Happened To Them And How It Felt,https://raw.githubusercontent.com/akashjamil29/Pin-Generation/main/pins/videos/0001-75-people-who-came-back-to-life-reveal-what-happened-to-them.mp4,Boredpanda Viral,0:00,"75 People Who Came Back To Life Reveal What Happened To Them And How It Felt — tap to read the full story, and save this pin so you don't lose it.",https://www.boredpanda.com/survivors-experience-crossing-clinical-revival?utm_source=pinterest&utm_medium=social&utm_campaign=akash,2026-09-05,"75 people who came back life reveal what happened them how felt, 75 people, people who, who came, came back, back life, life reveal, reveal what, what happened, happened them"
"HOA Neighbors Keep Fining A Man Who Was Never In Their HOA, He Has Finally Had Enough",https://raw.githubusercontent.com/akashjamil29/Pin-Generation/main/pins/videos/0002-hoa-neighbors-keep-fining-a-man-who-was-never-in-their-hoa-h.mp4,Boredpanda Viral,0:00,"HOA Neighbors Keep Fining A Man Who Was Never In Their HOA, He Has Finally Had Enough — tap to read the full story, and save this pin so you don't lose it.",https://www.boredpanda.com/refusing-compliance-unofficial-neighborhood-group-guidelines?utm_source=pinterest&utm_medium=social&utm_campaign=akash,2026-09-05,"hoa neighbors keep fining man who never hoa finally enough, hoa neighbors, neighbors keep, keep fining, fining man, man who, who never, never hoa, hoa finally, finally enough"
“Could You Pass An FBI Assessment?”: These 15 Questions Will Put You To The Test,https://raw.githubusercontent.com/akashjamil29/Pin-Generation/main/pins/videos/0003-could-you-pass-an-fbi-assessment-these-15-questions-will-put.mp4,Boredpanda Viral,0:00,"“Could You Pass An FBI Assessment?”: These 15 Questions Will Put You To The Test — tap to read the full story, and save this pin so you don't lose it.",https://www.boredpanda.com/fbi-quiz-part-2?utm_source=pinterest&utm_medium=social&utm_campaign=akash,2026-09-05,"pass fbi assessment 15 questions put test, pass fbi, fbi assessment, assessment 15, 15 questions, questions put, put test, pass, assessment, questions"
"16 Meaningful Ink Design Ideas Chosen By Friends, Couples, And Family, According To Our Tattoo…",https://raw.githubusercontent.com/akashjamil29/Pin-Generation/main/pins/videos/0004-16-meaningful-ink-design-ideas-chosen-by-friends-couples-and.mp4,Boredpanda Viral,0:00,"16 Meaningful Ink Design Ideas Chosen By Friends, Couples, And Family, According To Our Tattoo Artists — tap to read the full story, and save this pin so you don't lose it.",https://www.boredpanda.com/creative-matching-tattoo-ideas-sacredgoldtattoo?utm_source=pinterest&utm_medium=social&utm_campaign=akash,2026-09-05,"16 meaningful ink design ideas chosen friends couples family according tattoo artists, 16 meaningful, meaningful ink, ink design, design ideas, ideas chosen, chosen friends, friends couples, couples family, family according"
"Woman Questions One Detail About Her Boyfriend’s Past After Meeting His Parents, Uncovers A Decade…",https://raw.githubusercontent.com/akashjamil29/Pin-Generation/main/pins/videos/0005-woman-questions-one-detail-about-her-boyfriends-past-after-m.mp4,Celebrity Relationships,0:00,"Woman Questions One Detail About Her Boyfriend’s Past After Meeting His Parents, Uncovers A Decade Of Lies — tap to read the full story, and save this pin so you don't lose it.",https://www.boredpanda.com/boyfriend-lied-being-adopted?utm_source=pinterest&utm_medium=social&utm_campaign=akash,2026-09-05,"woman questions one detail boyfriend past meeting parents uncovers decade lies, woman questions, questions one, one detail, detail boyfriend, boyfriend past, past meeting, meeting parents, parents uncovers, uncovers decade"
"Daily Word Search Game #094 (Aug 20, 2026)",https://raw.githubusercontent.com/akashjamil29/Pin-Generation/main/pins/videos/0006-daily-word-search-game-094-aug-20-2026.mp4,Boredpanda Viral,0:00,"Daily Word Search Game #094 (Aug 20, 2026) — tap to read the full story, and save this pin so you don't lose it.",https://www.boredpanda.com/word-search-20-08-2026?utm_source=pinterest&utm_medium=social&utm_campaign=akash,2026-09-05,"daily word search game 094 aug 20 2026, daily word, word search, search game, game 094, 094 aug, aug 20, 20 2026, daily, word"
42 New Adorable Comics By Adam Foreman About A Marshmallow Dealing With The Ups And Downs Of Life,https://raw.githubusercontent.com/akashjamil29/Pin-Generation/main/pins/videos/0007-42-new-adorable-comics-by-adam-foreman-about-a-marshmallow-d.mp4,Boredpanda Viral,0:00,"42 New Adorable Comics By Adam Foreman About A Marshmallow Dealing With The Ups And Downs Of Life — tap to read the full story, and save this pin so you don't lose it.",https://www.boredpanda.com/adorable-funny-marshmallow-comics-sliceofmallow-part-2?utm_source=pinterest&utm_medium=social&utm_campaign=akash,2026-09-05,"42 new adorable comics adam foreman marshmallow dealing ups downs life, 42 new, new adorable, adorable comics, comics adam, adam foreman, foreman marshmallow, marshmallow dealing, dealing ups, ups downs"
"MIL Wears White And Complains About Everything At Son’s Wedding, Then Takes Things Way Too Far",https://raw.githubusercontent.com/akashjamil29/Pin-Generation/main/pins/videos/0008-mil-wears-white-and-complains-about-everything-at-sons-weddi.mp4,Celebrity Relationships,0:00,"MIL Wears White And Complains About Everything At Son’s Wedding, Then Takes Things Way Too Far — tap to read the full story, and save this pin so you don't lose it.",https://www.boredpanda.com/mil-attacks-dil-wedding?utm_source=pinterest&utm_medium=social&utm_campaign=akash,2026-09-05,"mil wears white complains everything son wedding takes things way too far, mil wears, wears white, white complains, complains everything, everything son, son wedding, wedding takes, takes things, things way"
"Whole Family Dynamic Changes After Woman Gives Birth To Twins, Now Everyone Hates Her",https://raw.githubusercontent.com/akashjamil29/Pin-Generation/main/pins/videos/0009-whole-family-dynamic-changes-after-woman-gives-birth-to-twin.mp4,Boredpanda Viral,0:00,"Whole Family Dynamic Changes After Woman Gives Birth To Twins, Now Everyone Hates Her — tap to read the full story, and save this pin so you don't lose it.",https://www.boredpanda.com/resentful-family-mother-twins?utm_source=pinterest&utm_medium=social&utm_campaign=akash,2026-09-05,"whole family dynamic changes woman gives birth twins now everyone hates, whole family, family dynamic, dynamic changes, changes woman, woman gives, gives birth, birth twins, twins now, now everyone"
80 Women Reveal The One Sentence From Their Boyfriend That Made Them Realize It Was Over,https://raw.githubusercontent.com/akashjamil29/Pin-Generation/main/pins/videos/0010-80-women-reveal-the-one-sentence-from-their-boyfriend-that-m.mp4,Celebrity Relationships,0:00,"80 Women Reveal The One Sentence From Their Boyfriend That Made Them Realize It Was Over — tap to read the full story, and save this pin so you don't lose it.",https://www.boredpanda.com/one-line-made-leave-relationship?utm_source=pinterest&utm_medium=social&utm_campaign=akash,2026-09-05,"80 women reveal one sentence boyfriend made them realize, 80 women, women reveal, reveal one, one sentence, sentence boyfriend, boyfriend made, made them, them realize, women"
"Woman's Boyfriend Keeps Forgetting Her Allergy, Her Mom Makes Sure He Won't Forget Again",https://raw.githubusercontent.com/akashjamil29/Pin-Generation/main/pins/videos/0011-womans-boyfriend-keeps-forgetting-her-allergy-her-mom-makes-.mp4,Celebrity Relationships,0:00,"Woman's Boyfriend Keeps Forgetting Her Allergy, Her Mom Makes Sure He Won't Forget Again — tap to read the full story, and save this pin so you don't lose it.",https://www.boredpanda.com/boyfriend-doesnt-understand-peanut-allergy?utm_source=pinterest&utm_medium=social&utm_campaign=akash,2026-09-06,"woman boyfriend keeps forgetting allergy mom makes sure won forget again, woman boyfriend, boyfriend keeps, keeps forgetting, forgetting allergy, allergy mom, mom makes, makes sure, sure won, won forget"
"63 Times People Were So Confident, Only To Be Embarrassingly Wrong (New Pics)",https://raw.githubusercontent.com/akashjamil29/Pin-Generation/main/pins/videos/0012-63-times-people-were-so-confident-only-to-be-embarrassingly-.mp4,Boredpanda Viral,0:00,"63 Times People Were So Confident, Only To Be Embarrassingly Wrong (New Pics) — tap to read the full story, and save this pin so you don't lose it.",https://www.boredpanda.com/funny-confidently-wrong-people?utm_source=pinterest&utm_medium=social&utm_campaign=akash,2026-09-06,"63 times people confident only embarrassingly wrong new pics, 63 times, times people, people confident, confident only, only embarrassingly, embarrassingly wrong, wrong new, new pics, times"
90 Workplace Posts That Are Funny Until You Realize How Accurate They Are,https://raw.githubusercontent.com/akashjamil29/Pin-Generation/main/pins/videos/0013-90-workplace-posts-that-are-funny-until-you-realize-how-accu.mp4,Boredpanda Viral,0:00,"90 Workplace Posts That Are Funny Until You Realize How Accurate They Are — tap to read the full story, and save this pin so you don't lose it.",https://www.boredpanda.com/funny-workplace-culture-posts?utm_source=pinterest&utm_medium=social&utm_campaign=akash,2026-09-06,"90 workplace posts funny until realize how accurate, 90 workplace, workplace posts, posts funny, funny until, until realize, realize how, how accurate, workplace, posts"
89 Amazing Home Improvements That Took Little More Than A Bit Of Vision And Elbow Grease (New Pics),https://raw.githubusercontent.com/akashjamil29/Pin-Generation/main/pins/videos/0014-89-amazing-home-improvements-that-took-little-more-than-a-bi.mp4,Boredpanda Viral,0:00,"89 Amazing Home Improvements That Took Little More Than A Bit Of Vision And Elbow Grease (New Pics) — tap to read the full story, and save this pin so you don't lose it.",https://www.boredpanda.com/renovated-homes-diyuk?utm_source=pinterest&utm_medium=social&utm_campaign=akash,2026-09-06,"89 amazing home improvements took little more bit vision elbow grease new pics, 89 amazing, amazing home, home improvements, improvements took, took little, little more, more bit, bit vision, vision elbow"
49 Stupid Customers Who Could Be The Reason Shampoo Bottles Have Instructions,https://raw.githubusercontent.com/akashjamil29/Pin-Generation/main/pins/videos/0015-49-stupid-customers-who-could-be-the-reason-shampoo-bottles-.mp4,Boredpanda Viral,0:00,"49 Stupid Customers Who Could Be The Reason Shampoo Bottles Have Instructions — tap to read the full story, and save this pin so you don't lose it.",https://www.boredpanda.com/employees-stupid-bizarre-customers-interactions?utm_source=pinterest&utm_medium=social&utm_campaign=akash,2026-09-06,"49 stupid customers who reason shampoo bottles instructions, 49 stupid, stupid customers, customers who, who reason, reason shampoo, shampoo bottles, bottles instructions, stupid, customers"
40 New Humorous Illustrations By This Artist That Playfully Redefine Words,https://raw.githubusercontent.com/akashjamil29/Pin-Generation/main/pins/videos/0016-40-new-humorous-illustrations-by-this-artist-that-playfully-.mp4,Boredpanda Viral,0:00,"40 New Humorous Illustrations By This Artist That Playfully Redefine Words — tap to read the full story, and save this pin so you don't lose it.",https://www.boredpanda.com/wordplay-surreal-punny-doodles-nadia-tolstoy-part-8?utm_source=pinterest&utm_medium=social&utm_campaign=akash,2026-09-06,"40 new humorous illustrations artist playfully redefine words, 40 new, new humorous, humorous illustrations, illustrations artist, artist playfully, playfully redefine, redefine words, humorous, illustrations"
"Daily Guess The Famous Person Game #155 (Aug 20, 2026)",https://raw.githubusercontent.com/akashjamil29/Pin-Generation/main/pins/videos/0017-daily-guess-the-famous-person-game-155-aug-20-2026.mp4,Boredpanda Viral,0:00,"Daily Guess The Famous Person Game #155 (Aug 20, 2026) — tap to read the full story, and save this pin so you don't lose it.",https://www.boredpanda.com/guess-the-person-20-08-2026?utm_source=pinterest&utm_medium=social&utm_campaign=akash,2026-09-06,"daily guess famous person game 155 aug 20 2026, daily guess, guess famous, famous person, person game, game 155, 155 aug, aug 20, 20 2026, daily"
"If You Were A Straight-A Student, You’ll Easily Pass This 25-Question Quiz",https://raw.githubusercontent.com/akashjamil29/Pin-Generation/main/pins/videos/0018-if-you-were-a-straight-a-student-youll-easily-pass-this-25-q.mp4,Boredpanda Viral,0:00,"If You Were A Straight-A Student, You’ll Easily Pass This 25-Question Quiz — tap to read the full story, and save this pin so you don't lose it.",https://www.boredpanda.com/school-questions-type-in-edition-part-11?utm_source=pinterest&utm_medium=social&utm_campaign=akash,2026-09-06,"straight student ll easily pass 25 question quiz, straight student, student ll, ll easily, easily pass, pass 25, 25 question, question quiz, straight, student"
73 Home Design Choices That Got People Talking (For Better Or Worse),https://raw.githubusercontent.com/akashjamil29/Pin-Generation/main/pins/videos/0019-73-home-design-choices-that-got-people-talking-for-better-or.mp4,Boredpanda Viral,0:00,"73 Home Design Choices That Got People Talking (For Better Or Worse) — tap to read the full story, and save this pin so you don't lose it.",https://www.boredpanda.com/people-ask-for-advice-interior-design?utm_source=pinterest&utm_medium=social&utm_campaign=akash,2026-09-06,"73 home design choices got people talking better worse, 73 home, home design, design choices, choices got, got people, people talking, talking better, better worse, home"
“You Are Still Being Recorded”: 79 Random Bits Of Insider Knowledge You Should Know,https://raw.githubusercontent.com/akashjamil29/Pin-Generation/main/pins/videos/0020-you-are-still-being-recorded-79-random-bits-of-insider-knowl.mp4,Boredpanda Viral,0:00,"“You Are Still Being Recorded”: 79 Random Bits Of Insider Knowledge You Should Know — tap to read the full story, and save this pin so you don't lose it.",https://www.boredpanda.com/community-random-insider-knowledge?utm_source=pinterest&utm_medium=social&utm_campaign=akash,2026-09-06,"still being recorded 79 random bits insider knowledge know, still being, being recorded, recorded 79, 79 random, random bits, bits insider, insider knowledge, knowledge know, still"
“Photos From The Wedding”: 66 Women Spill The Tea About How They Found Out About Their Partners’…,https://raw.githubusercontent.com/akashjamil29/Pin-Generation/main/pins/videos/0021-photos-from-the-wedding-66-women-spill-the-tea-about-how-the.mp4,Celebrity News & Drama,0:00,"“Photos From The Wedding”: 66 Women Spill The Tea About How They Found Out About Their Partners’ Affairs — tap to read the full story, and save this pin so you don't lose it.",https://www.boredpanda.com/craziest-way-found-out-cheated-on?utm_source=pinterest&utm_medium=social&utm_campaign=akash,2026-09-07,"photos wedding 66 women spill tea how found partners affairs, photos wedding, wedding 66, 66 women, women spill, spill tea, tea how, how found, found partners, partners affairs"
"85 Jaw-Dropping Handmade Projects That May Make You Say, “Take My Money”",https://raw.githubusercontent.com/akashjamil29/Pin-Generation/main/pins/videos/0022-85-jaw-dropping-handmade-projects-that-may-make-you-say-take.mp4,Boredpanda Viral,0:00,"85 Jaw-Dropping Handmade Projects That May Make You Say, “Take My Money” — tap to read the full story, and save this pin so you don't lose it.",https://www.boredpanda.com/things-people-made-crafting-world?utm_source=pinterest&utm_medium=social&utm_campaign=akash,2026-09-07,"85 jaw dropping handmade projects may make say take my money, 85 jaw, jaw dropping, dropping handmade, handmade projects, projects may, may make, make say, say take, take my"
73 Throwback Screenshots Of The Old Internet That Today’s Kids Can’t Even Comprehend,https://raw.githubusercontent.com/akashjamil29/Pin-Generation/main/pins/videos/0023-73-throwback-screenshots-of-the-old-internet-that-todays-kid.mp4,Boredpanda Viral,0:00,"73 Throwback Screenshots Of The Old Internet That Today’s Kids Can’t Even Comprehend — tap to read the full story, and save this pin so you don't lose it.",https://www.boredpanda.com/old-internet-memories?utm_source=pinterest&utm_medium=social&utm_campaign=akash,2026-09-07,"73 throwback screenshots old internet today kids even comprehend, 73 throwback, throwback screenshots, screenshots old, old internet, internet today, today kids, kids even, even comprehend, throwback"
75 Unexpectedly Funny Posts To Make An Ordinary Day A Bit More Entertaining,https://raw.githubusercontent.com/akashjamil29/Pin-Generation/main/pins/videos/0024-75-unexpectedly-funny-posts-to-make-an-ordinary-day-a-bit-mo.mp4,Boredpanda Viral,0:00,"75 Unexpectedly Funny Posts To Make An Ordinary Day A Bit More Entertaining — tap to read the full story, and save this pin so you don't lose it.",https://www.boredpanda.com/funny-things-humor?utm_source=pinterest&utm_medium=social&utm_campaign=akash,2026-09-07,"75 unexpectedly funny posts make ordinary day bit more entertaining, 75 unexpectedly, unexpectedly funny, funny posts, posts make, make ordinary, ordinary day, day bit, bit more, more entertaining"
She Survived A Violent Kidnapping And Made It Home — Days Later She Lost Her Life And Her Husband…,https://raw.githubusercontent.com/akashjamil29/Pin-Generation/main/pins/videos/0025-she-survived-a-violent-kidnapping-and-made-it-home-days-late.mp4,Celebrity News & Drama,0:00,"She Survived A Violent Kidnapping And Made It Home — Days Later She Lost Her Life And Her Husband Was Arrested — tap to read the full story, and save this pin so you don't lose it.",https://www.boredpanda.com/teacher-escaped-kidnapping-and-days-later-it-all-ended-in-tragedy?utm_source=pinterest&utm_medium=social&utm_campaign=akash,2026-09-07,"survived violent kidnapping made home days later lost life husband arrested, survived violent, violent kidnapping, kidnapping made, made home, home days, days later, later lost, lost life, life husband"
American Tourists Face Backlash After Breaking A Bizarre Italian Rule They Had No Idea Existed,https://raw.githubusercontent.com/akashjamil29/Pin-Generation/main/pins/videos/0026-american-tourists-face-backlash-after-breaking-a-bizarre-ita.mp4,Celebrity News & Drama,0:00,"American Tourists Face Backlash After Breaking A Bizarre Italian Rule They Had No Idea Existed — tap to read the full story, and save this pin so you don't lose it.",https://www.boredpanda.com/american-tourists-backlash-breaking-bizarre-italian-rule?utm_source=pinterest&utm_medium=social&utm_campaign=akash,2026-09-07,"american tourists face backlash breaking bizarre italian rule idea existed, american tourists, tourists face, face backlash, backlash breaking, breaking bizarre, bizarre italian, italian rule, rule idea, idea existed"
"Families Donated Their Loved Ones’ Bodies To Harvard For Science, Until They Learned What Really…",https://raw.githubusercontent.com/akashjamil29/Pin-Generation/main/pins/videos/0027-families-donated-their-loved-ones-bodies-to-harvard-for-scie.mp4,Boredpanda Viral,0:00,"Families Donated Their Loved Ones’ Bodies To Harvard For Science, Until They Learned What Really Happened — tap to read the full story, and save this pin so you don't lose it.",https://www.boredpanda.com/families-donated-bodies-to-harvard-until-they-learned-what-happened-to-them?utm_source=pinterest&utm_medium=social&utm_campaign=akash,2026-09-07,"families donated loved ones bodies harvard science until learned what really happened, families donated, donated loved, loved ones, ones bodies, bodies harvard, harvard science, science until, until learned, learned what"
"Daily Guess The Timeline Game #149 (Aug 19, 2026)",https://raw.githubusercontent.com/akashjamil29/Pin-Generation/main/pins/videos/0028-daily-guess-the-timeline-game-149-aug-19-2026.mp4,Boredpanda Viral,0:00,"Daily Guess The Timeline Game #149 (Aug 19, 2026) — tap to read the full story, and save this pin so you don't lose it.",https://www.boredpanda.com/guess-the-timeline-19-08-2026?utm_source=pinterest&utm_medium=social&utm_campaign=akash,2026-09-07,"daily guess timeline game 149 aug 19 2026, daily guess, guess timeline, timeline game, game 149, 149 aug, aug 19, 19 2026, daily, guess"
"7 Actions Most People Don’t Realize Are Cheating, According To Relationship Expert",https://raw.githubusercontent.com/akashjamil29/Pin-Generation/main/pins/videos/0029-7-actions-most-people-dont-realize-are-cheating-according-to.mp4,Celebrity News & Drama,0:00,"7 Actions Most People Don’t Realize Are Cheating, According To Relationship Expert — tap to read the full story, and save this pin so you don't lose it.",https://www.boredpanda.com/actions-most-people-dont-realize-are-cheating?utm_source=pinterest&utm_medium=social&utm_campaign=akash,2026-09-07,"actions most people don realize cheating according relationship expert, actions most, most people, people don, don realize, realize cheating, cheating according, according relationship, relationship expert, actions"
"“One Fatal Flaw”: Mom’s Controversial Pool Net Safety Test Goes Viral, Expert Responds With…",https://raw.githubusercontent.com/akashjamil29/Pin-Generation/main/pins/videos/0030-one-fatal-flaw-moms-controversial-pool-net-safety-test-goes-.mp4,Celebrity News & Drama,0:00,"“One Fatal Flaw”: Mom’s Controversial Pool Net Safety Test Goes Viral, Expert Responds With Crucial Warnings — tap to read the full story, and save this pin so you don't lose it.",https://www.boredpanda.com/expert-weighs-in-after-moms-pool-net-sparks-debate?utm_source=pinterest&utm_medium=social&utm_campaign=akash,2026-09-07,"one fatal flaw mom controversial pool net safety test goes viral expert responds crucial warnings, one fatal, fatal flaw, flaw mom, mom controversial, controversial pool, pool net, net safety, safety test, test goes"
The Thames Has Enough Intoxicating Substances In It To Make The Fish Interesting At Parties,https://raw.githubusercontent.com/akashjamil29/Pin-Generation/main/pins/videos/0031-the-thames-has-enough-intoxicating-substances-in-it-to-make-.mp4,Boredpanda Viral,0:00,"The Thames Has Enough Intoxicating Substances In It To Make The Fish Interesting At Parties — tap to read the full story, and save this pin so you don't lose it.",https://www.boredpanda.com/your-weekend-bump-habit-effect-on-salmon?utm_source=pinterest&utm_medium=social&utm_campaign=akash,2026-09-08,"thames enough intoxicating substances make fish interesting parties, thames enough, enough intoxicating, intoxicating substances, substances make, make fish, fish interesting, interesting parties, thames, enough"
"GF Asks BF To Set Boundaries With Female Coworker, Then Discovers The Sweet Reason They’re So Close",https://raw.githubusercontent.com/akashjamil29/Pin-Generation/main/pins/videos/0032-gf-asks-bf-to-set-boundaries-with-female-coworker-then-disco.mp4,Boredpanda Viral,0:00,"GF Asks BF To Set Boundaries With Female Coworker, Then Discovers The Sweet Reason They’re So Close — tap to read the full story, and save this pin so you don't lose it.",https://www.boredpanda.com/partner-forming-intense-bond-with-female-coworker?utm_source=pinterest&utm_medium=social&utm_campaign=akash,2026-09-08,"gf asks bf set boundaries female coworker discovers sweet reason re close, gf asks, asks bf, bf set, set boundaries, boundaries female, female coworker, coworker discovers, discovers sweet, sweet reason"
"60 Times Known Business Moguls Did Something So Stupid, It Actually Sank Their Companies Overnight",https://raw.githubusercontent.com/akashjamil29/Pin-Generation/main/pins/videos/0033-60-times-known-business-moguls-did-something-so-stupid-it-ac.mp4,Boredpanda Viral,0:00,"60 Times Known Business Moguls Did Something So Stupid, It Actually Sank Their Companies Overnight — tap to read the full story, and save this pin so you don't lose it.",https://www.boredpanda.com/company-decision-cause-bankrupt?utm_source=pinterest&utm_medium=social&utm_campaign=akash,2026-09-08,"60 times known business moguls something stupid actually sank companies overnight, 60 times, times known, known business, business moguls, moguls something, something stupid, stupid actually, actually sank, sank companies"
"BF’s Mom Savagely Shames GF’s Skin For Years, Then Gets A Taste Of Her Own Hurtful Words",https://raw.githubusercontent.com/akashjamil29/Pin-Generation/main/pins/videos/0034-bfs-mom-savagely-shames-gfs-skin-for-years-then-gets-a-taste.mp4,Boredpanda Viral,0:00,"BF’s Mom Savagely Shames GF’s Skin For Years, Then Gets A Taste Of Her Own Hurtful Words — tap to read the full story, and save this pin so you don't lose it.",https://www.boredpanda.com/confronting-entitled-mother-over-harsh-insults?utm_source=pinterest&utm_medium=social&utm_campaign=akash,2026-09-08,"bf mom savagely shames gf skin years gets taste own hurtful words, bf mom, mom savagely, savagely shames, shames gf, gf skin, skin years, years gets, gets taste, taste own"
"Woman Says Coworker Crossed A Line By Asking If She’s Single, Refuses To Make Him Feel Better",https://raw.githubusercontent.com/akashjamil29/Pin-Generation/main/pins/videos/0035-woman-says-coworker-crossed-a-line-by-asking-if-shes-single-.mp4,Boredpanda Viral,0:00,"Woman Says Coworker Crossed A Line By Asking If She’s Single, Refuses To Make Him Feel Better — tap to read the full story, and save this pin so you don't lose it.",https://www.boredpanda.com/setting-firm-boundaries-against-unwanted-workplace-advances?utm_source=pinterest&utm_medium=social&utm_campaign=akash,2026-09-08,"woman says coworker crossed line asking single refuses make him feel better, woman says, says coworker, coworker crossed, crossed line, line asking, asking single, single refuses, refuses make, make him"
"Man Steals Coworker’s Chair From His Cubicle, Replacing It With His Own Broken One, Then Karma Hits",https://raw.githubusercontent.com/akashjamil29/Pin-Generation/main/pins/videos/0036-man-steals-coworkers-chair-from-his-cubicle-replacing-it-wit.mp4,Boredpanda Viral,0:00,"Man Steals Coworker’s Chair From His Cubicle, Replacing It With His Own Broken One, Then Karma Hits — tap to read the full story, and save this pin so you don't lose it.",https://www.boredpanda.com/coworker-abandons-broken-chair-gets-fixed?utm_source=pinterest&utm_medium=social&utm_campaign=akash,2026-09-08,"man steals coworker chair cubicle replacing own broken one karma hits, man steals, steals coworker, coworker chair, chair cubicle, cubicle replacing, replacing own, own broken, broken one, one karma"
“How Fast Can You Combine These Images?”: Test Your Instincts In This Word Challenge,https://raw.githubusercontent.com/akashjamil29/Pin-Generation/main/pins/videos/0037-how-fast-can-you-combine-these-images-test-your-instincts-in.mp4,Boredpanda Viral,0:00,"“How Fast Can You Combine These Images?”: Test Your Instincts In This Word Challenge — tap to read the full story, and save this pin so you don't lose it.",https://www.boredpanda.com/words-from-two-images-part-4?utm_source=pinterest&utm_medium=social&utm_campaign=akash,2026-09-08,"how fast combine images test instincts word challenge, how fast, fast combine, combine images, images test, test instincts, instincts word, word challenge, fast, combine"
"Daily Guess The Country Game #095 (Aug 19, 2026)",https://raw.githubusercontent.com/akashjamil29/Pin-Generation/main/pins/videos/0038-daily-guess-the-country-game-095-aug-19-2026.mp4,Boredpanda Viral,0:00,"Daily Guess The Country Game #095 (Aug 19, 2026) — tap to read the full story, and save this pin so you don't lose it.",https://www.boredpanda.com/guess-the-country-19-08-2026?utm_source=pinterest&utm_medium=social&utm_campaign=akash,2026-09-08,"daily guess country game 095 aug 19 2026, daily guess, guess country, country game, game 095, 095 aug, aug 19, 19 2026, daily, guess"
The Universe Like You’ve Never Seen It: 29 Jaw-Dropping Astronomy Photos From The 2026 Zwo Shortlist,https://raw.githubusercontent.com/akashjamil29/Pin-Generation/main/pins/videos/0039-the-universe-like-youve-never-seen-it-29-jaw-dropping-astron.mp4,Boredpanda Viral,0:00,"The Universe Like You’ve Never Seen It: 29 Jaw-Dropping Astronomy Photos From The 2026 Zwo Shortlist — tap to read the full story, and save this pin so you don't lose it.",https://www.boredpanda.com/astronomy-photographer-of-the-year-shortlist-2026?utm_source=pinterest&utm_medium=social&utm_campaign=akash,2026-09-08,"universe like ve never seen 29 jaw dropping astronomy photos 2026 zwo shortlist, universe like, like ve, ve never, never seen, seen 29, 29 jaw, jaw dropping, dropping astronomy, astronomy photos"
32 New Funny Comics About Life That Occasionally Take A Darkly Humorous Turn By This Artist,https://raw.githubusercontent.com/akashjamil29/Pin-Generation/main/pins/videos/0040-32-new-funny-comics-about-life-that-occasionally-take-a-dark.mp4,Boredpanda Viral,0:00,"32 New Funny Comics About Life That Occasionally Take A Darkly Humorous Turn By This Artist — tap to read the full story, and save this pin so you don't lose it.",https://www.boredpanda.com/funny-admiral-wonderboat-comics-chris-naish-part-4?utm_source=pinterest&utm_medium=social&utm_campaign=akash,2026-09-08,"32 new funny comics life occasionally take darkly humorous turn artist, 32 new, new funny, funny comics, comics life, life occasionally, occasionally take, take darkly, darkly humorous, humorous turn"
32 Stunning Photographs By This Artist That Turn Fleeting Moments Into Visual Stories,https://raw.githubusercontent.com/akashjamil29/Pin-Generation/main/pins/videos/0041-32-stunning-photographs-by-this-artist-that-turn-fleeting-mo.mp4,Boredpanda Viral,0:00,"32 Stunning Photographs By This Artist That Turn Fleeting Moments Into Visual Stories — tap to read the full story, and save this pin so you don't lose it.",https://www.boredpanda.com/powerful-travel-street-documentary-photography-tittu-shaji-thomas?utm_source=pinterest&utm_medium=social&utm_campaign=akash,2026-09-09,"32 stunning photographs artist turn fleeting moments visual stories, 32 stunning, stunning photographs, photographs artist, artist turn, turn fleeting, fleeting moments, moments visual, visual stories, stunning"
"Daily Guess The Phrase Game #016 (Aug 19, 2026)",https://raw.githubusercontent.com/akashjamil29/Pin-Generation/main/pins/videos/0042-daily-guess-the-phrase-game-016-aug-19-2026.mp4,Boredpanda Viral,0:00,"Daily Guess The Phrase Game #016 (Aug 19, 2026) — tap to read the full story, and save this pin so you don't lose it.",https://www.boredpanda.com/guess-the-phrase-19-08-2026?utm_source=pinterest&utm_medium=social&utm_campaign=akash,2026-09-09,"daily guess phrase game 016 aug 19 2026, daily guess, guess phrase, phrase game, game 016, 016 aug, aug 19, 19 2026, daily, guess"
The Way You Lie Says More About You Than You’d Think – Find Out In 25 Questions,https://raw.githubusercontent.com/akashjamil29/Pin-Generation/main/pins/videos/0043-the-way-you-lie-says-more-about-you-than-youd-think-find-out.mp4,Boredpanda Viral,0:00,"The Way You Lie Says More About You Than You’d Think – Find Out In 25 Questions — tap to read the full story, and save this pin so you don't lose it.",https://www.boredpanda.com/what-kind-of-liar-are-you?utm_source=pinterest&utm_medium=social&utm_campaign=akash,2026-09-09,"way lie says more think find 25 questions, way lie, lie says, says more, more think, think find, find 25, 25 questions, says, more"
"Daily Word Search Game #093 (Aug 19, 2026)",https://raw.githubusercontent.com/akashjamil29/Pin-Generation/main/pins/videos/0044-daily-word-search-game-093-aug-19-2026.mp4,Boredpanda Viral,0:00,"Daily Word Search Game #093 (Aug 19, 2026) — tap to read the full story, and save this pin so you don't lose it.",https://www.boredpanda.com/word-search-19-08-2026?utm_source=pinterest&utm_medium=social&utm_campaign=akash,2026-09-09,"daily word search game 093 aug 19 2026, daily word, word search, search game, game 093, 093 aug, aug 19, 19 2026, daily, word"
"This Artist Inserts Her Fat Orange Cat Into Famous Paintings, And He Fits Right In (42 New Pics)",https://raw.githubusercontent.com/akashjamil29/Pin-Generation/main/pins/videos/0045-this-artist-inserts-her-fat-orange-cat-into-famous-paintings.mp4,Boredpanda Viral,0:00,"This Artist Inserts Her Fat Orange Cat Into Famous Paintings, And He Fits Right In (42 New Pics) — tap to read the full story, and save this pin so you don't lose it.",https://www.boredpanda.com/hilarious-orange-fat-cat-photobombing-classical-art-fatcatart-part-6?utm_source=pinterest&utm_medium=social&utm_campaign=akash,2026-09-09,"artist inserts fat orange cat famous paintings fits right 42 new pics, artist inserts, inserts fat, fat orange, orange cat, cat famous, famous paintings, paintings fits, fits right, right 42"
"Cashier Reports A Coworker For Theft And Gets Fired, Gets Sweet Revenge When She Finds Out Why",https://raw.githubusercontent.com/akashjamil29/Pin-Generation/main/pins/videos/0046-cashier-reports-a-coworker-for-theft-and-gets-fired-gets-swe.mp4,Celebrity News & Drama,0:00,"Cashier Reports A Coworker For Theft And Gets Fired, Gets Sweet Revenge When She Finds Out Why — tap to read the full story, and save this pin so you don't lose it.",https://www.boredpanda.com/fired-reporting-thief-manager-revenge?utm_source=pinterest&utm_medium=social&utm_campaign=akash,2026-09-09,"cashier reports coworker theft gets fired gets sweet revenge when finds why, cashier reports, reports coworker, coworker theft, theft gets, gets fired, fired gets, gets sweet, sweet revenge, revenge when"
94 Photos That Prove History Was A Lot Stranger Than You Might’ve Thought,https://raw.githubusercontent.com/akashjamil29/Pin-Generation/main/pins/videos/0047-94-photos-that-prove-history-was-a-lot-stranger-than-you-mig.mp4,Weird & Viral Stories,0:00,"94 Photos That Prove History Was A Lot Stranger Than You Might’ve Thought — tap to read the full story, and save this pin so you don't lose it.",https://www.boredpanda.com/history-facts-historywaswild?utm_source=pinterest&utm_medium=social&utm_campaign=akash,2026-09-09,"94 photos prove history lot stranger might ve thought, 94 photos, photos prove, prove history, history lot, lot stranger, stranger might, might ve, ve thought, photos"
"48 Culture Shocks That Had People Thinking “Wait, America Does WHAT?”",https://raw.githubusercontent.com/akashjamil29/Pin-Generation/main/pins/videos/0048-48-culture-shocks-that-had-people-thinking-wait-america-does.mp4,Boredpanda Viral,0:00,"48 Culture Shocks That Had People Thinking “Wait, America Does WHAT?” — tap to read the full story, and save this pin so you don't lose it.",https://www.boredpanda.com/moving-america-funniest-moments?utm_source=pinterest&utm_medium=social&utm_campaign=akash,2026-09-09,"48 culture shocks people thinking wait america what, 48 culture, culture shocks, shocks people, people thinking, thinking wait, wait america, america what, culture, shocks"
127 Pets Who Barely Look Like The Same Animals After Finding Loving Homes,https://raw.githubusercontent.com/akashjamil29/Pin-Generation/main/pins/videos/0049-127-pets-who-barely-look-like-the-same-animals-after-finding.mp4,Boredpanda Viral,0:00,"127 Pets Who Barely Look Like The Same Animals After Finding Loving Homes — tap to read the full story, and save this pin so you don't lose it.",https://www.boredpanda.com/pets-before-after-adoption?utm_source=pinterest&utm_medium=social&utm_campaign=akash,2026-09-09,"127 pets who barely look like same animals finding loving homes, 127 pets, pets who, who barely, barely look, look like, like same, same animals, animals finding, finding loving"
“Everyone Lusts Over You”: 39 Times “Pretty Privilege” Completely Backfired On People,https://raw.githubusercontent.com/akashjamil29/Pin-Generation/main/pins/videos/0050-everyone-lusts-over-you-39-times-pretty-privilege-completely.mp4,Celebrity News & Drama,0:00,"“Everyone Lusts Over You”: 39 Times “Pretty Privilege” Completely Backfired On People — tap to read the full story, and save this pin so you don't lose it.",https://www.boredpanda.com/downsides-pretty-privilege?utm_source=pinterest&utm_medium=social&utm_campaign=akash,2026-09-09,"everyone lusts 39 times pretty privilege completely backfired people, everyone lusts, lusts 39, 39 times, times pretty, pretty privilege, privilege completely, completely backfired, backfired people, everyone"
78 Insults So Weirdly Accurate They Might Actually Hurt,https://raw.githubusercontent.com/akashjamil29/Pin-Generation/main/pins/videos/0051-78-insults-so-weirdly-accurate-they-might-actually-hurt.mp4,Weird & Viral Stories,0:00,"78 Insults So Weirdly Accurate They Might Actually Hurt — tap to read the full story, and save this pin so you don't lose it.",https://www.boredpanda.com/oddly-accurate-insults?utm_source=pinterest&utm_medium=social&utm_campaign=akash,2026-09-10,"78 insults weirdly accurate might actually hurt, 78 insults, insults weirdly, weirdly accurate, accurate might, might actually, actually hurt, insults, weirdly, accurate"
"Woman Sees $2,800 Her Step-Kids Saved For Their Mom, Doesn’t Realize It’s Bait",https://raw.githubusercontent.com/akashjamil29/Pin-Generation/main/pins/videos/0052-woman-sees-2800-her-step-kids-saved-for-their-mom-doesnt-rea.mp4,Boredpanda Viral,0:00,"Woman Sees $2,800 Her Step-Kids Saved For Their Mom, Doesn’t Realize It’s Bait — tap to read the full story, and save this pin so you don't lose it.",https://www.boredpanda.com/kids-pro-revenge-step-mother?utm_source=pinterest&utm_medium=social&utm_campaign=akash,2026-09-10,"woman sees 800 step kids saved mom doesn realize bait, woman sees, sees 800, 800 step, step kids, kids saved, saved mom, mom doesn, doesn realize, realize bait"
Guy’s Weird Answer To A Trivia Question Ruins The Entire Relationship,https://raw.githubusercontent.com/akashjamil29/Pin-Generation/main/pins/videos/0053-guys-weird-answer-to-a-trivia-question-ruins-the-entire-rela.mp4,Celebrity Relationships,0:00,"Guy’s Weird Answer To A Trivia Question Ruins The Entire Relationship — tap to read the full story, and save this pin so you don't lose it.",https://www.boredpanda.com/woman-turned-off-boyfriend-weight-loss?utm_source=pinterest&utm_medium=social&utm_campaign=akash,2026-09-10,"guy weird answer trivia question ruins entire relationship, guy weird, weird answer, answer trivia, trivia question, question ruins, ruins entire, entire relationship, weird, answer"
"Bride-To-Be Is Shocked By Fiancé’s True Beliefs, Returns The Engagement Ring",https://raw.githubusercontent.com/akashjamil29/Pin-Generation/main/pins/videos/0054-bride-to-be-is-shocked-by-fiances-true-beliefs-returns-the-e.mp4,Celebrity Relationships,0:00,"Bride-To-Be Is Shocked By Fiancé’s True Beliefs, Returns The Engagement Ring — tap to read the full story, and save this pin so you don't lose it.",https://www.boredpanda.com/christian-man-refuses-hindu-tradition-wedding?utm_source=pinterest&utm_medium=social&utm_campaign=akash,2026-09-10,"bride shocked fiancé true beliefs returns engagement ring, bride shocked, shocked fiancé, fiancé true, true beliefs, beliefs returns, returns engagement, engagement ring, bride, shocked"
"Entitled Landlord Expects $3,825 On Top Of Rent, Charges A “Work-From-Home” Fee",https://raw.githubusercontent.com/akashjamil29/Pin-Generation/main/pins/videos/0055-entitled-landlord-expects-3825-on-top-of-rent-charges-a-work.mp4,Boredpanda Viral,0:00,"Entitled Landlord Expects $3,825 On Top Of Rent, Charges A “Work-From-Home” Fee — tap to read the full story, and save this pin so you don't lose it.",https://www.boredpanda.com/work-from-home-rent-fee?utm_source=pinterest&utm_medium=social&utm_campaign=akash,2026-09-10,"entitled landlord expects 825 top rent charges work home fee, entitled landlord, landlord expects, expects 825, 825 top, top rent, rent charges, charges work, work home, home fee"
"Allergic Woman Suffers Severe Reactions For Years, Horrified To Learn BF’s Bro Caused Them All",https://raw.githubusercontent.com/akashjamil29/Pin-Generation/main/pins/videos/0056-allergic-woman-suffers-severe-reactions-for-years-horrified-.mp4,Boredpanda Viral,0:00,"Allergic Woman Suffers Severe Reactions For Years, Horrified To Learn BF’s Bro Caused Them All — tap to read the full story, and save this pin so you don't lose it.",https://www.boredpanda.com/brother-tampers-with-girlfriends-food?utm_source=pinterest&utm_medium=social&utm_campaign=akash,2026-09-10,"allergic woman suffers severe reactions years horrified learn bf bro caused them all, allergic woman, woman suffers, suffers severe, severe reactions, reactions years, years horrified, horrified learn, learn bf, bf bro"
Only A History Buff Can Score 15/15 On This Weird Facts Quiz – Test Yourself,https://raw.githubusercontent.com/akashjamil29/Pin-Generation/main/pins/videos/0057-only-a-history-buff-can-score-1515-on-this-weird-facts-quiz-.mp4,Bizarre Facts,0:00,"Only A History Buff Can Score 15/15 On This Weird Facts Quiz – Test Yourself — tap to read the full story, and save this pin so you don't lose it.",https://www.boredpanda.com/weird-history-facts-part-3?utm_source=pinterest&utm_medium=social&utm_campaign=akash,2026-09-10,"only history buff score 15 15 weird facts quiz test yourself, only history, history buff, buff score, score 15, 15 15, 15 weird, weird facts, facts quiz, quiz test"
"Daily Guess The Famous Person Game #154 (Aug 19, 2026)",https://raw.githubusercontent.com/akashjamil29/Pin-Generation/main/pins/videos/0058-daily-guess-the-famous-person-game-154-aug-19-2026.mp4,Boredpanda Viral,0:00,"Daily Guess The Famous Person Game #154 (Aug 19, 2026) — tap to read the full story, and save this pin so you don't lose it.",https://www.boredpanda.com/guess-the-person-19-08-2026?utm_source=pinterest&utm_medium=social&utm_campaign=akash,2026-09-10,"daily guess famous person game 154 aug 19 2026, daily guess, guess famous, famous person, person game, game 154, 154 aug, aug 19, 19 2026, daily"
65 Men Reveal The Moments Their Girlfriend Went From Future Wife To Absolutely Not,https://raw.githubusercontent.com/akashjamil29/Pin-Generation/main/pins/videos/0059-65-men-reveal-the-moments-their-girlfriend-went-from-future-.mp4,Celebrity Relationships,0:00,"65 Men Reveal The Moments Their Girlfriend Went From Future Wife To Absolutely Not — tap to read the full story, and save this pin so you don't lose it.",https://www.boredpanda.com/women-casual-conversation-confirm-wont-be-wife?utm_source=pinterest&utm_medium=social&utm_campaign=akash,2026-09-10,"65 men reveal moments girlfriend went future wife absolutely, 65 men, men reveal, reveal moments, moments girlfriend, girlfriend went, went future, future wife, wife absolutely, reveal"
"Parent Asks The Internet To Help Them Identify The Things They Found In Son’s Room, And They Know…",https://raw.githubusercontent.com/akashjamil29/Pin-Generation/main/pins/videos/0060-parent-asks-the-internet-to-help-them-identify-the-things-th.mp4,Boredpanda Viral,0:00,"Parent Asks The Internet To Help Them Identify The Things They Found In Son’s Room, And They Know Right Away — tap to read the full story, and save this pin so you don't lose it.",https://www.boredpanda.com/parent-finds-sons-mysterious-object?utm_source=pinterest&utm_medium=social&utm_campaign=akash,2026-09-10,"parent asks internet help them identify things found son room know right away, parent asks, asks internet, internet help, help them, them identify, identify things, things found, found son, son room"
85 Painfully Entitled Choosing Beggars Who Walk Among Us,https://raw.githubusercontent.com/akashjamil29/Pin-Generation/main/pins/videos/0061-85-painfully-entitled-choosing-beggars-who-walk-among-us.mp4,Boredpanda Viral,0:00,"85 Painfully Entitled Choosing Beggars Who Walk Among Us — tap to read the full story, and save this pin so you don't lose it.",https://www.boredpanda.com/entitled-choosing-beggars-demands?utm_source=pinterest&utm_medium=social&utm_campaign=akash,2026-09-11,"85 painfully entitled choosing beggars who walk among, 85 painfully, painfully entitled, entitled choosing, choosing beggars, beggars who, who walk, walk among, painfully, entitled"
80 Posts And Memes That May Make Gen X Feel Seen,https://raw.githubusercontent.com/akashjamil29/Pin-Generation/main/pins/videos/0062-80-posts-and-memes-that-may-make-gen-x-feel-seen.mp4,Boredpanda Viral,0:00,"80 Posts And Memes That May Make Gen X Feel Seen — tap to read the full story, and save this pin so you don't lose it.",https://www.boredpanda.com/funny-generation-x-memes?utm_source=pinterest&utm_medium=social&utm_campaign=akash,2026-09-11,"80 posts memes may make gen feel seen, 80 posts, posts memes, memes may, may make, make gen, gen feel, feel seen, posts, memes"
77 Funny And Unhinged Memes That Show Why Eastern Europe Is A Whole Different World (New Pics),https://raw.githubusercontent.com/akashjamil29/Pin-Generation/main/pins/videos/0063-77-funny-and-unhinged-memes-that-show-why-eastern-europe-is-.mp4,Boredpanda Viral,0:00,"77 Funny And Unhinged Memes That Show Why Eastern Europe Is A Whole Different World (New Pics) — tap to read the full story, and save this pin so you don't lose it.",https://www.boredpanda.com/funny-scenic-depictions-of-slavic-life-memes?utm_source=pinterest&utm_medium=social&utm_campaign=akash,2026-09-11,"77 funny unhinged memes show why eastern europe whole different world new pics, 77 funny, funny unhinged, unhinged memes, memes show, show why, why eastern, eastern europe, europe whole, whole different"
81 Times A Power Washer Peeled Away Years Of Grime And Revealed What Was Hiding Beneath (New Pics),https://raw.githubusercontent.com/akashjamil29/Pin-Generation/main/pins/videos/0064-81-times-a-power-washer-peeled-away-years-of-grime-and-revea.mp4,Boredpanda Viral,0:00,"81 Times A Power Washer Peeled Away Years Of Grime And Revealed What Was Hiding Beneath (New Pics) — tap to read the full story, and save this pin so you don't lose it.",https://www.boredpanda.com/satisfying-power-wash-cleaning?utm_source=pinterest&utm_medium=social&utm_campaign=akash,2026-09-11,"81 times power washer peeled away years grime revealed what hiding beneath new pics, 81 times, times power, power washer, washer peeled, peeled away, away years, years grime, grime revealed, revealed what"
69 Women Share The Horrible Things Their Toxic Partners Did That Should’ve Been A Dealbreaker,https://raw.githubusercontent.com/akashjamil29/Pin-Generation/main/pins/videos/0065-69-women-share-the-horrible-things-their-toxic-partners-did-.mp4,Boredpanda Viral,0:00,"69 Women Share The Horrible Things Their Toxic Partners Did That Should’ve Been A Dealbreaker — tap to read the full story, and save this pin so you don't lose it.",https://www.boredpanda.com/worst-dating-red-flags?utm_source=pinterest&utm_medium=social&utm_campaign=akash,2026-09-11,"69 women share horrible things toxic partners ve dealbreaker, 69 women, women share, share horrible, horrible things, things toxic, toxic partners, partners ve, ve dealbreaker, women"
Report Reveals What Happened Inside Hayden Panettiere’s Room As Boyfriend Was There During Her…,https://raw.githubusercontent.com/akashjamil29/Pin-Generation/main/pins/videos/0066-report-reveals-what-happened-inside-hayden-panettieres-room-.mp4,Celebrity Relationships,0:00,"Report Reveals What Happened Inside Hayden Panettiere’s Room As Boyfriend Was There During Her Final Moments — tap to read the full story, and save this pin so you don't lose it.",https://www.boredpanda.com/police-report-hayden-panettiere-apartment-ex-boyfriend?utm_source=pinterest&utm_medium=social&utm_campaign=akash,2026-09-11,"report reveals what happened inside hayden panettiere room boyfriend there during final moments, report reveals, reveals what, what happened, happened inside, inside hayden, hayden panettiere, panettiere room, room boyfriend, boyfriend there"
"More Than A Century Apart, Two Scandals Show The Same Thing: Exposure Isn’t The Same As…",https://raw.githubusercontent.com/akashjamil29/Pin-Generation/main/pins/videos/0067-more-than-a-century-apart-two-scandals-show-the-same-thing-e.mp4,Celebrity News & Drama,0:00,"More Than A Century Apart, Two Scandals Show The Same Thing: Exposure Isn’t The Same As Accountability — tap to read the full story, and save this pin so you don't lose it.",https://www.boredpanda.com/white-slavery-moral-panic-history-epstein?utm_source=pinterest&utm_medium=social&utm_campaign=akash,2026-09-11,"more century apart two scandals show same thing exposure isn same accountability, more century, century apart, apart two, two scandals, scandals show, show same, same thing, thing exposure, exposure isn"
86 Facepalm Questions Cabin Crew Have Actually Been Asked By Real Passengers,https://raw.githubusercontent.com/akashjamil29/Pin-Generation/main/pins/videos/0068-86-facepalm-questions-cabin-crew-have-actually-been-asked-by.mp4,Boredpanda Viral,0:00,"86 Facepalm Questions Cabin Crew Have Actually Been Asked By Real Passengers — tap to read the full story, and save this pin so you don't lose it.",https://www.boredpanda.com/funny-cabin-crew-stories?utm_source=pinterest&utm_medium=social&utm_campaign=akash,2026-09-11,"86 facepalm questions cabin crew actually asked real passengers, 86 facepalm, facepalm questions, questions cabin, cabin crew, crew actually, actually asked, asked real, real passengers, facepalm"
"Guy Questions Why Family Tradition Always Ended In Seizures, Horrified To Learn Fam Was Behind Them",https://raw.githubusercontent.com/akashjamil29/Pin-Generation/main/pins/videos/0069-guy-questions-why-family-tradition-always-ended-in-seizures-.mp4,Boredpanda Viral,0:00,"Guy Questions Why Family Tradition Always Ended In Seizures, Horrified To Learn Fam Was Behind Them — tap to read the full story, and save this pin so you don't lose it.",https://www.boredpanda.com/family-intentionally-triggered-seizures-years-exposed?utm_source=pinterest&utm_medium=social&utm_campaign=akash,2026-09-11,"guy questions why family tradition always ended seizures horrified learn fam behind them, guy questions, questions why, why family, family tradition, tradition always, always ended, ended seizures, seizures horrified, horrified learn"
"Daily Guess The Timeline Game #148 (Aug 18, 2026)",https://raw.githubusercontent.com/akashjamil29/Pin-Generation/main/pins/videos/0070-daily-guess-the-timeline-game-148-aug-18-2026.mp4,Boredpanda Viral,0:00,"Daily Guess The Timeline Game #148 (Aug 18, 2026) — tap to read the full story, and save this pin so you don't lose it.",https://www.boredpanda.com/guess-the-timeline-18-08-2026?utm_source=pinterest&utm_medium=social&utm_campaign=akash,2026-09-11,"daily guess timeline game 148 aug 18 2026, daily guess, guess timeline, timeline game, game 148, 148 aug, aug 18, 18 2026, daily, guess"
"Entitled Parents Gatekeep A Pool Three Teens Paid For, Big Brother Decides To Fight Back",https://raw.githubusercontent.com/akashjamil29/Pin-Generation/main/pins/videos/0071-entitled-parents-gatekeep-a-pool-three-teens-paid-for-big-br.mp4,Boredpanda Viral,0:00,"Entitled Parents Gatekeep A Pool Three Teens Paid For, Big Brother Decides To Fight Back — tap to read the full story, and save this pin so you don't lose it.",https://www.boredpanda.com/hot-tub-brother-friend-pool?utm_source=pinterest&utm_medium=social&utm_campaign=akash,2026-09-12,"entitled parents gatekeep pool three teens paid big brother decides fight back, entitled parents, parents gatekeep, gatekeep pool, pool three, three teens, teens paid, paid big, big brother, brother decides"
“Jellyfish” Spotted In NASA Mars Photo Sparks Frenzy As People Dig For Explanation,https://raw.githubusercontent.com/akashjamil29/Pin-Generation/main/pins/videos/0072-jellyfish-spotted-in-nasa-mars-photo-sparks-frenzy-as-people.mp4,Boredpanda Viral,0:00,"“Jellyfish” Spotted In NASA Mars Photo Sparks Frenzy As People Dig For Explanation — tap to read the full story, and save this pin so you don't lose it.",https://www.boredpanda.com/bizarre-jellyfish-spotted-mars-resurfaced-nasa-images?utm_source=pinterest&utm_medium=social&utm_campaign=akash,2026-09-12,"jellyfish spotted nasa mars photo sparks frenzy people dig explanation, jellyfish spotted, spotted nasa, nasa mars, mars photo, photo sparks, sparks frenzy, frenzy people, people dig, dig explanation"
People In HR Reveal 87 Of The Most Absurd Employee Behaviors That Got Someone Fired,https://raw.githubusercontent.com/akashjamil29/Pin-Generation/main/pins/videos/0073-people-in-hr-reveal-87-of-the-most-absurd-employee-behaviors.mp4,Celebrity News & Drama,0:00,"People In HR Reveal 87 Of The Most Absurd Employee Behaviors That Got Someone Fired — tap to read the full story, and save this pin so you don't lose it.",https://www.boredpanda.com/hr-professionals-share-extreme-employee-termination-stories?utm_source=pinterest&utm_medium=social&utm_campaign=akash,2026-09-12,"people hr reveal 87 most absurd employee behaviors got someone fired, people hr, hr reveal, reveal 87, 87 most, most absurd, absurd employee, employee behaviors, behaviors got, got someone"
“They Told Me It Wouldn’t Be That Bad”: 62 People Share Extremely Painful Medical Procedures,https://raw.githubusercontent.com/akashjamil29/Pin-Generation/main/pins/videos/0074-they-told-me-it-wouldnt-be-that-bad-62-people-share-extremel.mp4,Boredpanda Viral,0:00,"“They Told Me It Wouldn’t Be That Bad”: 62 People Share Extremely Painful Medical Procedures — tap to read the full story, and save this pin so you don't lose it.",https://www.boredpanda.com/medical-procedures-far-more-painful-than-expected?utm_source=pinterest&utm_medium=social&utm_campaign=akash,2026-09-12,"told me wouldn bad 62 people share extremely painful medical procedures, told me, me wouldn, wouldn bad, bad 62, 62 people, people share, share extremely, extremely painful, painful medical"
"Guy Brushes Off His Pregnant GF’s Fears About Neighbor’s Unleashed XL Bully, She Feels Devastated",https://raw.githubusercontent.com/akashjamil29/Pin-Generation/main/pins/videos/0075-guy-brushes-off-his-pregnant-gfs-fears-about-neighbors-unlea.mp4,Boredpanda Viral,0:00,"Guy Brushes Off His Pregnant GF’s Fears About Neighbor’s Unleashed XL Bully, She Feels Devastated — tap to read the full story, and save this pin so you don't lose it.",https://www.boredpanda.com/reporting-intimidating-neighbour-xl-bully-dog-safety?utm_source=pinterest&utm_medium=social&utm_campaign=akash,2026-09-12,"guy brushes pregnant gf fears neighbor unleashed xl bully feels devastated, guy brushes, brushes pregnant, pregnant gf, gf fears, fears neighbor, neighbor unleashed, unleashed xl, xl bully, bully feels"
Bryan Johnson Spends Over $1 Million A Year To Stay Young. Now He Has An Incurable Diagnosis,https://raw.githubusercontent.com/akashjamil29/Pin-Generation/main/pins/videos/0076-bryan-johnson-spends-over-1-million-a-year-to-stay-young-now.mp4,Boredpanda Viral,0:00,"Bryan Johnson Spends Over $1 Million A Year To Stay Young. Now He Has An Incurable Diagnosis — tap to read the full story, and save this pin so you don't lose it.",https://www.boredpanda.com/bryan-johnson-incurable-disease-longevity?utm_source=pinterest&utm_medium=social&utm_campaign=akash,2026-09-12,"bryan johnson spends million year stay young now incurable diagnosis, bryan johnson, johnson spends, spends million, million year, year stay, stay young, young now, now incurable, incurable diagnosis"
"Woman Learns Her Childhood Bully Is Marrying Her Twin, Fam Berates Her For Refusing To Be MOH",https://raw.githubusercontent.com/akashjamil29/Pin-Generation/main/pins/videos/0077-woman-learns-her-childhood-bully-is-marrying-her-twin-fam-be.mp4,Boredpanda Viral,0:00,"Woman Learns Her Childhood Bully Is Marrying Her Twin, Fam Berates Her For Refusing To Be MOH — tap to read the full story, and save this pin so you don't lose it.",https://www.boredpanda.com/woman-refuses-sisters-wedding-moh-bully?utm_source=pinterest&utm_medium=social&utm_campaign=akash,2026-09-12,"woman learns childhood bully marrying twin fam berates refusing moh, woman learns, learns childhood, childhood bully, bully marrying, marrying twin, twin fam, fam berates, berates refusing, refusing moh"
"Couple’s Rent-Free Living Ends Sadly, As Exhausted Landlord Takes A Pro Revenge On Them",https://raw.githubusercontent.com/akashjamil29/Pin-Generation/main/pins/videos/0078-couples-rent-free-living-ends-sadly-as-exhausted-landlord-ta.mp4,Boredpanda Viral,0:00,"Couple’s Rent-Free Living Ends Sadly, As Exhausted Landlord Takes A Pro Revenge On Them — tap to read the full story, and save this pin so you don't lose it.",https://www.boredpanda.com/landlord-outsmarts-squatter-sending-them-jail?utm_source=pinterest&utm_medium=social&utm_campaign=akash,2026-09-12,"couple rent free living ends sadly exhausted landlord takes pro revenge them, couple rent, rent free, free living, living ends, ends sadly, sadly exhausted, exhausted landlord, landlord takes, takes pro"
American Vs British Words: Prove You Can Beat This 15-Question Quiz,https://raw.githubusercontent.com/akashjamil29/Pin-Generation/main/pins/videos/0079-american-vs-british-words-prove-you-can-beat-this-15-questio.mp4,Boredpanda Viral,0:00,"American Vs British Words: Prove You Can Beat This 15-Question Quiz — tap to read the full story, and save this pin so you don't lose it.",https://www.boredpanda.com/american-vs-british-english-words-part-4?utm_source=pinterest&utm_medium=social&utm_campaign=akash,2026-09-12,"american vs british words prove beat 15 question quiz, american vs, vs british, british words, words prove, prove beat, beat 15, 15 question, question quiz, american"
"Woman Sends Her MIL Photos Of Their Wedding After She Skips The Event, Things Get Even More Bitter",https://raw.githubusercontent.com/akashjamil29/Pin-Generation/main/pins/videos/0080-woman-sends-her-mil-photos-of-their-wedding-after-she-skips-.mp4,Celebrity Relationships,0:00,"Woman Sends Her MIL Photos Of Their Wedding After She Skips The Event, Things Get Even More Bitter — tap to read the full story, and save this pin so you don't lose it.",https://www.boredpanda.com/unintentional-petty-mil-drama?utm_source=pinterest&utm_medium=social&utm_campaign=akash,2026-09-12,"woman sends mil photos wedding skips event things get even more bitter, woman sends, sends mil, mil photos, photos wedding, wedding skips, skips event, event things, things get, get even"
"This Photographer Captures People, Animals, And Places In Stunning Light And Unique Angles (49 Pics)",https://raw.githubusercontent.com/akashjamil29/Pin-Generation/main/pins/videos/0081-this-photographer-captures-people-animals-and-places-in-stun.mp4,Boredpanda Viral,0:00,"This Photographer Captures People, Animals, And Places In Stunning Light And Unique Angles (49 Pics) — tap to read the full story, and save this pin so you don't lose it.",https://www.boredpanda.com/street-travel-documentary-photography-murat-bakmaz?utm_source=pinterest&utm_medium=social&utm_campaign=akash,2026-09-13,"photographer captures people animals places stunning light unique angles 49 pics, photographer captures, captures people, people animals, animals places, places stunning, stunning light, light unique, unique angles, angles 49"
Hayden Panettiere’s Ex-Fiancé Breaks Silence On Star’s Tragic Passing After Obtaining Custody Of…,https://raw.githubusercontent.com/akashjamil29/Pin-Generation/main/pins/videos/0082-hayden-panettieres-ex-fiance-breaks-silence-on-stars-tragic-.mp4,Boredpanda Viral,0:00,"Hayden Panettiere’s Ex-Fiancé Breaks Silence On Star’s Tragic Passing After Obtaining Custody Of Their Daughter — tap to read the full story, and save this pin so you don't lose it.",https://www.boredpanda.com/hayden-panettiere-ex-fiance-klitschko-breaks-silence-stars-passing?utm_source=pinterest&utm_medium=social&utm_campaign=akash,2026-09-13,"hayden panettiere ex fiancé breaks silence star tragic passing obtaining custody daughter, hayden panettiere, panettiere ex, ex fiancé, fiancé breaks, breaks silence, silence star, star tragic, tragic passing, passing obtaining"
"Daily Guess The Country Game #094 (Aug 18, 2026)",https://raw.githubusercontent.com/akashjamil29/Pin-Generation/main/pins/videos/0083-daily-guess-the-country-game-094-aug-18-2026.mp4,Boredpanda Viral,0:00,"Daily Guess The Country Game #094 (Aug 18, 2026) — tap to read the full story, and save this pin so you don't lose it.",https://www.boredpanda.com/guess-the-country-18-08-2026?utm_source=pinterest&utm_medium=social&utm_campaign=akash,2026-09-13,"daily guess country game 094 aug 18 2026, daily guess, guess country, country game, game 094, 094 aug, aug 18, 18 2026, daily, guess"
"Woman Fed Up With Neighboring Squatters Mistreating The Dog And Invading Her Pool, Resorts To Action",https://raw.githubusercontent.com/akashjamil29/Pin-Generation/main/pins/videos/0084-woman-fed-up-with-neighboring-squatters-mistreating-the-dog-.mp4,Boredpanda Viral,0:00,"Woman Fed Up With Neighboring Squatters Mistreating The Dog And Invading Her Pool, Resorts To Action — tap to read the full story, and save this pin so you don't lose it.",https://www.boredpanda.com/squatter-jumps-fence-uses-my-pool?utm_source=pinterest&utm_medium=social&utm_campaign=akash,2026-09-13,"woman fed neighboring squatters mistreating dog invading pool resorts action, woman fed, fed neighboring, neighboring squatters, squatters mistreating, mistreating dog, dog invading, invading pool, pool resorts, resorts action"
"The Stories Behind 20 Priceless Historical Documents, Manuscripts And Books, Uncovered By This…",https://raw.githubusercontent.com/akashjamil29/Pin-Generation/main/pins/videos/0085-the-stories-behind-20-priceless-historical-documents-manuscr.mp4,Boredpanda Viral,0:00,"The Stories Behind 20 Priceless Historical Documents, Manuscripts And Books, Uncovered By This Researcher — tap to read the full story, and save this pin so you don't lose it.",https://www.boredpanda.com/most-expensive-historical-documents-manuscripts-books-ever-sold-thehistoricalinsights?utm_source=pinterest&utm_medium=social&utm_campaign=akash,2026-09-13,"stories behind 20 priceless historical documents manuscripts books uncovered researcher, stories behind, behind 20, 20 priceless, priceless historical, historical documents, documents manuscripts, manuscripts books, books uncovered, uncovered researcher"
“How Many Five-Letter Answers Can You Get Right?”: Take This 24-Question Quiz,https://raw.githubusercontent.com/akashjamil29/Pin-Generation/main/pins/videos/0086-how-many-five-letter-answers-can-you-get-right-take-this-24-.mp4,Boredpanda Viral,0:00,"“How Many Five-Letter Answers Can You Get Right?”: Take This 24-Question Quiz — tap to read the full story, and save this pin so you don't lose it.",https://www.boredpanda.com/five-letter-general-knowledge-quiz?utm_source=pinterest&utm_medium=social&utm_campaign=akash,2026-09-13,"how many five letter answers get right take 24 question quiz, how many, many five, five letter, letter answers, answers get, get right, right take, take 24, 24 question"
Dark Humor Meets Fantasy And Pop Culture In These 68 Comics By Boldjun,https://raw.githubusercontent.com/akashjamil29/Pin-Generation/main/pins/videos/0087-dark-humor-meets-fantasy-and-pop-culture-in-these-68-comics-.mp4,Boredpanda Viral,0:00,"Dark Humor Meets Fantasy And Pop Culture In These 68 Comics By Boldjun — tap to read the full story, and save this pin so you don't lose it.",https://www.boredpanda.com/dark-humor-pop-culture-comics-boldjun?utm_source=pinterest&utm_medium=social&utm_campaign=akash,2026-09-13,"dark humor meets fantasy pop culture 68 comics boldjun, dark humor, humor meets, meets fantasy, fantasy pop, pop culture, culture 68, 68 comics, comics boldjun, dark"
"Daily Word Search Game #092 (Aug 18, 2026)",https://raw.githubusercontent.com/akashjamil29/Pin-Generation/main/pins/videos/0088-daily-word-search-game-092-aug-18-2026.mp4,Boredpanda Viral,0:00,"Daily Word Search Game #092 (Aug 18, 2026) — tap to read the full story, and save this pin so you don't lose it.",https://www.boredpanda.com/word-search-18-08-2026?utm_source=pinterest&utm_medium=social&utm_campaign=akash,2026-09-13,"daily word search game 092 aug 18 2026, daily word, word search, search game, game 092, 092 aug, aug 18, 18 2026, daily, word"
30 Tattoos By This Artist That Look Like They Were Scribbled With Pastel Crayons,https://raw.githubusercontent.com/akashjamil29/Pin-Generation/main/pins/videos/0089-30-tattoos-by-this-artist-that-look-like-they-were-scribbled.mp4,Boredpanda Viral,0:00,"30 Tattoos By This Artist That Look Like They Were Scribbled With Pastel Crayons — tap to read the full story, and save this pin so you don't lose it.",https://www.boredpanda.com/unique-crayon-tattoo-art-doga-guney?utm_source=pinterest&utm_medium=social&utm_campaign=akash,2026-09-13,"30 tattoos artist look like scribbled pastel crayons, 30 tattoos, tattoos artist, artist look, look like, like scribbled, scribbled pastel, pastel crayons, tattoos, artist"
Woman Is Left Physically Sick After Partner Admits He Lied,https://raw.githubusercontent.com/akashjamil29/Pin-Generation/main/pins/videos/0090-woman-is-left-physically-sick-after-partner-admits-he-lied.mp4,Boredpanda Viral,0:00,"Woman Is Left Physically Sick After Partner Admits He Lied — tap to read the full story, and save this pin so you don't lose it.",https://www.boredpanda.com/solid-relationship-ends-woman-blindsided?utm_source=pinterest&utm_medium=social&utm_campaign=akash,2026-09-13,"woman left physically sick partner admits lied, woman left, left physically, physically sick, sick partner, partner admits, admits lied, woman, left, physically"
Woman Demands Someone Else’s Room After Her Kid Sees What’s Inside And Wants It,https://raw.githubusercontent.com/akashjamil29/Pin-Generation/main/pins/videos/0091-woman-demands-someone-elses-room-after-her-kid-sees-whats-in.mp4,Boredpanda Viral,0:00,"Woman Demands Someone Else’s Room After Her Kid Sees What’s Inside And Wants It — tap to read the full story, and save this pin so you don't lose it.",https://www.boredpanda.com/entitled-parent-kick-person-room?utm_source=pinterest&utm_medium=social&utm_campaign=akash,2026-09-14,"woman demands someone else room kid sees what inside wants, woman demands, demands someone, someone else, else room, room kid, kid sees, sees what, what inside, inside wants"
"Daily Guess The Phrase Game #015 (Aug 18, 2026)",https://raw.githubusercontent.com/akashjamil29/Pin-Generation/main/pins/videos/0092-daily-guess-the-phrase-game-015-aug-18-2026.mp4,Boredpanda Viral,0:00,"Daily Guess The Phrase Game #015 (Aug 18, 2026) — tap to read the full story, and save this pin so you don't lose it.",https://www.boredpanda.com/guess-the-phrase-18-08-2026?utm_source=pinterest&utm_medium=social&utm_campaign=akash,2026-09-14,"daily guess phrase game 015 aug 18 2026, daily guess, guess phrase, phrase game, game 015, 015 aug, aug 18, 18 2026, daily, guess"
SIL Calls Woman A Snob For Bringing A “Nanny” On Vacation And Keeping Her All To Herself,https://raw.githubusercontent.com/akashjamil29/Pin-Generation/main/pins/videos/0093-sil-calls-woman-a-snob-for-bringing-a-nanny-on-vacation-and-.mp4,Boredpanda Viral,0:00,"SIL Calls Woman A Snob For Bringing A “Nanny” On Vacation And Keeping Her All To Herself — tap to read the full story, and save this pin so you don't lose it.",https://www.boredpanda.com/nanny-family-drama-babysitting?utm_source=pinterest&utm_medium=social&utm_campaign=akash,2026-09-14,"sil calls woman snob bringing nanny vacation keeping all herself, sil calls, calls woman, woman snob, snob bringing, bringing nanny, nanny vacation, vacation keeping, keeping all, all herself"
“Whole Place Went Nuts”: 50 Of The Most Savage Comebacks That Left People Speechless,https://raw.githubusercontent.com/akashjamil29/Pin-Generation/main/pins/videos/0094-whole-place-went-nuts-50-of-the-most-savage-comebacks-that-l.mp4,Boredpanda Viral,0:00,"“Whole Place Went Nuts”: 50 Of The Most Savage Comebacks That Left People Speechless — tap to read the full story, and save this pin so you don't lose it.",https://www.boredpanda.com/wittiest-comeback-ever-heard?utm_source=pinterest&utm_medium=social&utm_campaign=akash,2026-09-14,"whole place went nuts 50 most savage comebacks left people speechless, whole place, place went, went nuts, nuts 50, 50 most, most savage, savage comebacks, comebacks left, left people"
"MIL Demands A Paternity Test For Her Grandson, Doesn’t Expect DIL To Have A Surprise Of Her Own",https://raw.githubusercontent.com/akashjamil29/Pin-Generation/main/pins/videos/0095-mil-demands-a-paternity-test-for-her-grandson-doesnt-expect-.mp4,Boredpanda Viral,0:00,"MIL Demands A Paternity Test For Her Grandson, Doesn’t Expect DIL To Have A Surprise Of Her Own — tap to read the full story, and save this pin so you don't lose it.",https://www.boredpanda.com/mil-demands-paternity-test-marriage-crisis?utm_source=pinterest&utm_medium=social&utm_campaign=akash,2026-09-14,"mil demands paternity test grandson doesn expect dil surprise own, mil demands, demands paternity, paternity test, test grandson, grandson doesn, doesn expect, expect dil, dil surprise, surprise own"
"30 Wild Stories That Prove Where There Is A Wedding, There’s Bound To Be Drama",https://raw.githubusercontent.com/akashjamil29/Pin-Generation/main/pins/videos/0096-30-wild-stories-that-prove-where-there-is-a-wedding-theres-b.mp4,Celebrity Relationships,0:00,"30 Wild Stories That Prove Where There Is A Wedding, There’s Bound To Be Drama — tap to read the full story, and save this pin so you don't lose it.",https://www.boredpanda.com/unhinged-wedding-drama-stories?utm_source=pinterest&utm_medium=social&utm_campaign=akash,2026-09-14,"30 wild stories prove where there wedding there bound drama, 30 wild, wild stories, stories prove, prove where, where there, there wedding, wedding there, there bound, bound drama"
69 Things These People Have Done That Are Pretty Hard To One-Up,https://raw.githubusercontent.com/akashjamil29/Pin-Generation/main/pins/videos/0097-69-things-these-people-have-done-that-are-pretty-hard-to-one.mp4,Boredpanda Viral,0:00,"69 Things These People Have Done That Are Pretty Hard To One-Up — tap to read the full story, and save this pin so you don't lose it.",https://www.boredpanda.com/unbelievable-things-people-done?utm_source=pinterest&utm_medium=social&utm_campaign=akash,2026-09-14,"69 things people done pretty hard one, 69 things, things people, people done, done pretty, pretty hard, hard one, things, people, done"
86 People Who Woke Up And Apparently Chose Absolute Chaos,https://raw.githubusercontent.com/akashjamil29/Pin-Generation/main/pins/videos/0098-86-people-who-woke-up-and-apparently-chose-absolute-chaos.mp4,Boredpanda Viral,0:00,"86 People Who Woke Up And Apparently Chose Absolute Chaos — tap to read the full story, and save this pin so you don't lose it.",https://www.boredpanda.com/people-being-ridiculous-pics?utm_source=pinterest&utm_medium=social&utm_campaign=akash,2026-09-14,"86 people who woke apparently chose absolute chaos, 86 people, people who, who woke, woke apparently, apparently chose, chose absolute, absolute chaos, people, woke"
Europeans Share The 64 Most Bizarre Questions They’ve Been Asked By Americans,https://raw.githubusercontent.com/akashjamil29/Pin-Generation/main/pins/videos/0099-europeans-share-the-64-most-bizarre-questions-theyve-been-as.mp4,Weird & Viral Stories,0:00,"Europeans Share The 64 Most Bizarre Questions They’ve Been Asked By Americans — tap to read the full story, and save this pin so you don't lose it.",https://www.boredpanda.com/europeans-share-craziest-questions-asked-americans?utm_source=pinterest&utm_medium=social&utm_campaign=akash,2026-09-14,"europeans share 64 most bizarre questions ve asked americans, europeans share, share 64, 64 most, most bizarre, bizarre questions, questions ve, ve asked, asked americans, europeans"
86 Relatable Travel Memes That Hit A Little Too Close To Home,https://raw.githubusercontent.com/akashjamil29/Pin-Generation/main/pins/videos/0100-86-relatable-travel-memes-that-hit-a-little-too-close-to-hom.mp4,Boredpanda Viral,0:00,"86 Relatable Travel Memes That Hit A Little Too Close To Home — tap to read the full story, and save this pin so you don't lose it.",https://www.boredpanda.com/funny-relatable-travel-memes?utm_source=pinterest&utm_medium=social&utm_campaign=akash,2026-09-14,"86 relatable travel memes hit little too close home, 86 relatable, relatable travel, travel memes, memes hit, hit little, little too, too close, close home, relatable"
